,Date,Open,High,Low,Close,Volume,Company
0,10-Jan-18,87.86,88.19,87.41,87.82,18652201,microsoft
1,11-Jan-18,88.13,88.13,87.24,88.08,17808877,microsoft
2,12-Jan-18,88.67,89.78,88.45,89.6,24271531,microsoft
3,16-Jan-18,90.1,90.79,88.01,88.35,36599736,microsoft
4,17-Jan-18,89.08,90.28,88.75,90.14,25621164,microsoft
5,18-Jan-18,89.8,90.67,89.66,90.1,24159683,microsoft
6,19-Jan-18,90.14,90.61,89.66,90,36875013,microsoft
7,22-Jan-18,90,91.62,89.74,91.61,23601555,microsoft
8,23-Jan-18,91.9,92.3,91.54,91.9,23412841,microsoft
9,24-Jan-18,92.55,93.43,91.58,91.82,33277483,microsoft
10,25-Jan-18,92.46,93.24,91.93,92.33,26383238,microsoft
11,26-Jan-18,93.12,94.06,92.58,94.06,29172167,microsoft
12,29-Jan-18,95.14,95.45,93.72,93.92,31569940,microsoft
13,30-Jan-18,93.3,93.66,92.1,92.74,38635053,microsoft
14,31-Jan-18,93.75,95.4,93.51,95.01,48756338,microsoft
15,1-Feb-18,94.79,96.07,93.58,94.26,47227882,microsoft
16,2-Feb-18,93.64,93.97,91.5,91.78,47867753,microsoft
17,5-Feb-18,90.56,93.24,88,88,51031465,microsoft
18,6-Feb-18,86.89,91.48,85.25,91.33,67998564,microsoft
19,7-Feb-18,90.49,91.77,89.2,89.61,41107592,microsoft
20,8-Feb-18,89.71,89.88,84.76,85.01,55628657,microsoft
21,9-Feb-18,86.3,88.93,83.83,88.18,63499065,microsoft
22,12-Feb-18,88.74,89.78,87.93,89.13,35720341,microsoft
23,13-Feb-18,88.93,90,87.8,89.83,26407702,microsoft
24,14-Feb-18,88.51,90.99,88.41,90.81,34960912,microsoft
25,15-Feb-18,91.21,92.72,90.62,92.66,27823866,microsoft
26,16-Feb-18,92.45,93.5,91.8,92,30596919,microsoft
27,20-Feb-18,91.48,93.06,91.01,92.72,30911725,microsoft
28,21-Feb-18,92.98,93.36,91.49,91.49,26922503,microsoft
29,22-Feb-18,92.05,92.73,91.36,91.73,24392753,microsoft
30,23-Feb-18,93.6,94.07,92.36,94.06,26329226,microsoft
31,26-Feb-18,94.4,95.45,94.25,95.42,30199846,microsoft
32,27-Feb-18,95.74,95.84,94.2,94.2,25869119,microsoft
33,28-Feb-18,94.84,95.7,93.63,93.77,31167338,microsoft
34,1-Mar-18,93.99,94.57,91.84,92.85,37135561,microsoft
35,2-Mar-18,91.58,93.15,90.86,93.05,32830389,microsoft
36,5-Mar-18,92.34,94.27,92.26,93.64,23901578,microsoft
37,6-Mar-18,94.34,94.49,92.94,93.32,22175776,microsoft
38,7-Mar-18,93.16,93.94,92.43,93.86,26716127,microsoft
39,8-Mar-18,94.27,95.1,93.76,94.43,25887828,microsoft
40,9-Mar-18,95.29,96.54,95,96.54,36937254,microsoft
41,12-Mar-18,96.5,97.21,96.04,96.77,25916247,microsoft
42,13-Mar-18,97,97.24,93.97,94.41,35387817,microsoft
43,14-Mar-18,95.12,95.41,93.5,93.85,32131981,microsoft
44,15-Mar-18,93.53,94.58,92.83,94.18,27610998,microsoft
45,10-Jan-18,75.76,76.66,75.45,76.51,14777941,yahoo
46,11-Jan-18,76.54,76.78,76.04,76.14,9457918,yahoo
47,12-Jan-18,76.45,76.59,75.68,75.85,4078360,yahoo
48,16-Jan-18,76.44,77.01,73.71,73.92,7014089,yahoo
49,17-Jan-18,74.41,74.6,72.86,74.14,4934217,yahoo
50,18-Jan-18,73.86,74.71,73.72,74.23,5404561,yahoo
51,19-Jan-18,74.39,74.67,73.71,74.36,7203338,yahoo
52,22-Jan-18,74.6,74.6,73.58,74.16,5015449,yahoo
53,23-Jan-18,74.66,76.76,74,76.57,13687701,yahoo
54,24-Jan-18,77.13,78.88,76.78,77.81,6296999,yahoo
55,25-Jan-18,78.45,78.99,77.32,78.58,7840688,yahoo
56,26-Jan-18,79.21,80.45,79,80.3,17423391,yahoo
57,29-Jan-18,80,80.43,78.97,79.34,9719566,yahoo
58,30-Jan-18,77.58,79.27,76.76,78.27,7326518,yahoo
59,31-Jan-18,79,80.56,79,79.88,6639164,yahoo
60,1-Feb-18,76.48,78.36,75.69,76.01,8098044,yahoo
61,2-Feb-18,76.45,76.7,74.17,74.4,8326954,yahoo
62,5-Feb-18,72.9,75.38,71.59,72.51,10552374,yahoo
63,6-Feb-18,70.02,73.67,69.59,73.53,7436486,yahoo
64,7-Feb-18,73.16,74.19,72.1,72.16,3373111,yahoo
65,8-Feb-18,72.55,72.78,69.1,69.15,5742025,yahoo
66,9-Feb-18,70.57,70.77,67.86,70.48,6129819,yahoo
67,12-Feb-18,71.19,71.78,70.27,71.1,2654021,yahoo
68,13-Feb-18,70.72,72.44,70.55,71.31,5535298,yahoo
69,14-Feb-18,70.88,73.73,70.88,73.66,8043466,yahoo
70,15-Feb-18,74.25,74.7,73.23,74.4,4274181,yahoo
71,16-Feb-18,74.46,74.98,73.3,73.51,6982213,yahoo
72,20-Feb-18,72.83,75.26,72.78,74.59,5574265,yahoo
73,21-Feb-18,75.26,76.71,75.04,75.11,7147715,yahoo
74,22-Feb-18,75.83,75.99,75.06,75.52,9369245,yahoo
75,23-Feb-18,76.5,77.78,76.1,77.76,16053072,yahoo
76,26-Feb-18,78.43,78.68,76.72,78.08,18350174,yahoo
77,27-Feb-18,77.86,78,75.77,76.13,12425652,yahoo
78,28-Feb-18,75.91,76.08,74.51,74.85,8566538,yahoo
79,1-Mar-18,75.04,75.39,72.91,73.74,9733106,yahoo
80,2-Mar-18,72.35,72.99,71.44,72.69,7649365,yahoo
81,5-Mar-18,72.2,73.57,71.77,73.44,6524384,yahoo
82,6-Mar-18,74.42,75.5,74.36,75.17,9082697,yahoo
83,7-Mar-18,74.03,76.05,74.02,75.98,4973699,yahoo
84,8-Mar-18,76.01,76.27,75.29,75.73,3608699,yahoo
85,9-Mar-18,76.29,76.88,75.76,76.62,6687513,yahoo
86,12-Mar-18,77,77.76,76.54,77.56,7183132,yahoo
87,13-Mar-18,77.98,78.05,75.68,75.97,3937640,yahoo
88,14-Mar-18,76.27,77.67,76.27,77.2,4945618,yahoo
89,15-Mar-18,79.01,80.15,78.53,79.42,9009571,yahoo
90,10-Jan-18,207.57,213.64,206.91,212.52,5951486,netflix
91,11-Jan-18,214.29,217.75,213.35,217.24,7659485,netflix
92,12-Jan-18,217.18,222.55,216,221.23,8199423,netflix
93,16-Jan-18,224.24,226.07,217.2,221.53,13516067,netflix
94,17-Jan-18,221,221.15,216.32,217.5,9123056,netflix
95,18-Jan-18,220.34,220.58,216.55,220.33,8225339,netflix
96,19-Jan-18,222.75,223.49,218.5,220.46,10548567,netflix
97,22-Jan-18,222,227.78,221.2,227.58,17703293,netflix
98,23-Jan-18,255.05,257.71,248.02,250.29,27705332,netflix
99,24-Jan-18,250.88,261.71,249.31,261.3,17352448,netflix
100,25-Jan-18,263,272.3,260.23,269.7,15336378,netflix
101,26-Jan-18,271.48,274.6,268.76,274.6,11021839,netflix
102,29-Jan-18,274.2,286.81,273.92,284.59,17529749,netflix
103,30-Jan-18,277,282.73,272.7,278.8,12482852,netflix
104,31-Jan-18,281.94,282.29,269.58,270.3,11695072,netflix
105,1-Feb-18,266.41,271.95,263.38,265.07,9669011,netflix
106,2-Feb-18,263,270.62,262.71,267.43,9123610,netflix
107,5-Feb-18,262,267.9,250.03,254.26,11896053,netflix
108,6-Feb-18,247.7,266.7,245,265.72,12595801,netflix
109,7-Feb-18,266.58,272.45,264.32,264.56,8981548,netflix
110,8-Feb-18,267.08,267.62,250,250.1,9306701,netflix
111,9-Feb-18,253.85,255.8,236.11,249.47,16906942,netflix
112,12-Feb-18,252.14,259.15,249,257.95,8534906,netflix
113,13-Feb-18,257.29,261.41,254.7,258.27,6855151,netflix
114,14-Feb-18,260.47,269.88,260.33,266,10971985,netflix
115,15-Feb-18,270.03,280.5,267.63,280.27,10759667,netflix
116,16-Feb-18,278.73,281.96,275.69,278.52,8312380,netflix
117,20-Feb-18,277.74,285.81,276.61,278.55,7769023,netflix
118,21-Feb-18,282.07,286.64,280.01,281.04,9371121,netflix
119,22-Feb-18,283.88,284.5,274.45,278.14,8891535,netflix
120,23-Feb-18,281,286,277.81,285.93,7301809,netflix
121,26-Feb-18,288.75,295.65,287.01,294.16,10268633,netflix
122,27-Feb-18,294.77,297.36,290.59,290.61,9416489,netflix
123,28-Feb-18,293.1,295.75,290.78,291.38,7653454,netflix
124,1-Mar-18,292.75,295.25,283.83,290.39,11932051,netflix
125,2-Mar-18,284.65,301.18,283.23,301.05,13345313,netflix
126,5-Mar-18,302.85,316.91,297.6,315,18986099,netflix
127,6-Mar-18,319.88,325.79,316.5,325.22,18525844,netflix
128,7-Mar-18,320,323.74,314.55,321.16,17132222,netflix
129,8-Mar-18,322.2,322.92,314.13,317,11340066,netflix
130,9-Mar-18,321.33,331.44,320.23,331.44,14500219,netflix
131,12-Mar-18,333.56,333.98,318.6,321.3,20265182,netflix
132,13-Mar-18,323.87,325.84,313.28,315.88,12917224,netflix
133,14-Mar-18,318.16,323.88,317.7,321.55,10475073,netflix
134,15-Mar-18,323.17,323.4,318.14,321.09,5642883,netflix
135,10-Jan-18,173.16,174.3,173,174.29,23959895,aaple
136,11-Jan-18,174.59,175.49,174.49,175.28,18667729,aaple
137,12-Jan-18,176.18,177.36,175.65,177.09,25418080,aaple
138,16-Jan-18,177.9,179.39,176.14,176.19,29565947,aaple
139,17-Jan-18,176.15,179.25,175.07,179.1,34386836,aaple
140,18-Jan-18,179.37,180.1,178.25,179.26,31193352,aaple
141,19-Jan-18,178.61,179.58,177.41,178.46,32425067,aaple
142,22-Jan-18,177.3,177.78,176.6,177,27108551,aaple
143,23-Jan-18,177.3,179.44,176.82,177.04,32689146,aaple
144,24-Jan-18,177.25,177.3,173.2,174.22,51105090,aaple
145,25-Jan-18,174.5,174.95,170.53,171.11,41529004,aaple
146,26-Jan-18,172,172,170.06,171.51,39143011,aaple
147,29-Jan-18,170.16,170.16,167.07,167.96,50640406,aaple
148,30-Jan-18,165.52,167.37,164.7,166.97,46048185,aaple
149,31-Jan-18,166.87,168.44,166.5,167.43,32478930,aaple
150,1-Feb-18,167.16,168.62,166.76,167.78,47230787,aaple
151,2-Feb-18,166,166.8,160.1,160.5,86593825,aaple
152,5-Feb-18,159.1,163.88,156,156.49,72738522,aaple
153,6-Feb-18,154.83,163.72,154,163.03,68243838,aaple
154,7-Feb-18,163.08,163.4,159.07,159.54,51608580,aaple
155,8-Feb-18,160.29,161,155.03,155.15,54390516,aaple
156,9-Feb-18,157.07,157.89,150.24,156.41,70672608,aaple
157,12-Feb-18,158.5,163.89,157.51,162.71,60819539,aaple
158,13-Feb-18,161.95,164.75,161.65,164.34,32549163,aaple
159,14-Feb-18,163.04,167.54,162.88,167.37,40644933,aaple
160,15-Feb-18,169.79,173.09,169,172.99,51147171,aaple
161,16-Feb-18,172.36,174.82,171.77,172.43,40176091,aaple
162,20-Feb-18,172.05,174.26,171.42,171.85,33930540,aaple
163,21-Feb-18,172.83,174.12,171.01,171.07,37471623,aaple
164,22-Feb-18,171.8,173.95,171.71,172.5,30991940,aaple
165,23-Feb-18,173.67,175.65,173.54,175.5,33812360,aaple
166,26-Feb-18,176.35,179.39,176.21,178.97,38162174,aaple
167,27-Feb-18,179.1,180.48,178.16,178.39,38928125,aaple
168,28-Feb-18,179.26,180.62,178.05,178.12,37782138,aaple
169,1-Mar-18,178.54,179.78,172.66,175,48801970,aaple
170,2-Mar-18,172.8,176.3,172.45,176.21,38453950,aaple
171,5-Mar-18,175.21,177.74,174.52,176.82,28401366,aaple
172,6-Mar-18,177.91,178.25,176.13,176.67,23788506,aaple
173,7-Mar-18,174.94,175.85,174.27,175.03,31703462,aaple
174,8-Mar-18,175.48,177.12,175.07,176.94,23774107,aaple
175,9-Mar-18,177.96,180,177.39,179.98,32185162,aaple
176,12-Mar-18,180.29,182.39,180.21,181.72,32162518,aaple
177,13-Mar-18,182.59,183.5,179.24,179.97,31693529,aaple
178,14-Mar-18,180.32,180.52,177.81,178.44,29368356,aaple
179,15-Mar-18,178.5,180.24,178.07,178.65,22743798,aaple
180,10-Jan-18,1245.15,1254.33,1237.23,1254.33,2686017,amazon
181,11-Jan-18,1259.74,1276.77,1256.46,1276.68,3125048,amazon
182,12-Jan-18,1273.39,1305.76,1273.39,1305.2,5443730,amazon
183,16-Jan-18,1323,1339.94,1292.3,1304.86,7220701,amazon
184,17-Jan-18,1312.24,1314,1280.88,1295,5253754,amazon
185,18-Jan-18,1293.95,1304.6,1284.02,1293.32,4026915,amazon
186,19-Jan-18,1312,1313,1292.99,1294.58,4578536,amazon
187,22-Jan-18,1297.17,1327.45,1296.66,1327.31,4140061,amazon
188,23-Jan-18,1338.09,1364.9,1337.34,1362.54,5169306,amazon
189,24-Jan-18,1374.82,1388.16,1338,1357.51,6807457,amazon
190,25-Jan-18,1368,1378.34,1357.62,1377.95,4753012,amazon
191,26-Jan-18,1392.01,1402.53,1380.91,1402.05,4857310,amazon
192,29-Jan-18,1409.18,1431.39,1400.44,1417.68,5701898,amazon
193,30-Jan-18,1403.17,1439.25,1392,1437.82,5871942,amazon
194,31-Jan-18,1451.3,1472.58,1450.04,1450.89,6424693,amazon
195,1-Feb-18,1445,1459.88,1385.14,1390,9113808,amazon
196,2-Feb-18,1477.39,1498,1414,1429.95,11125722,amazon
197,5-Feb-18,1402.62,1458.98,1320.72,1390,11494985,amazon
198,6-Feb-18,1361.46,1443.99,1351.79,1442.84,11066819,amazon
199,7-Feb-18,1449,1460.99,1415.15,1416.78,7162741,amazon
200,8-Feb-18,1429.68,1433.75,1349.94,1350.5,8578557,amazon
201,9-Feb-18,1373.49,1383.5,1265.93,1339.6,14141524,amazon
202,12-Feb-18,1364.67,1393.81,1344.01,1386.23,6738944,amazon
203,13-Feb-18,1385.93,1419.72,1383.53,1414.51,5917879,amazon
204,14-Feb-18,1406.25,1452.06,1403.36,1451.05,5959209,amazon
205,15-Feb-18,1466.89,1468.94,1436.84,1461.76,5652736,amazon
206,16-Feb-18,1457.37,1465.8,1446.56,1448.69,4472564,amazon
207,20-Feb-18,1446.49,1488.77,1446.49,1468.35,6499228,amazon
208,21-Feb-18,1485,1503.49,1478.92,1482.92,6304351,amazon
209,22-Feb-18,1495.36,1502.54,1475.76,1485.34,4858063,amazon
210,23-Feb-18,1495.34,1500,1486.5,1500,4418103,amazon
211,26-Feb-18,1509.2,1522.84,1507,1521.95,4954988,amazon
212,27-Feb-18,1524.5,1526.78,1507.21,1511.98,4808776,amazon
213,28-Feb-18,1519.51,1528.7,1512,1512.45,4515023,amazon
214,1-Mar-18,1513.6,1518.49,1465,1493.45,6835230,amazon
215,2-Mar-18,1469.1,1501.05,1455.01,1500.25,6587564,amazon
216,5-Mar-18,1494.24,1525.38,1481,1523.61,5233934,amazon
217,6-Mar-18,1533.2,1542.13,1528,1537.64,4561718,amazon
218,7-Mar-18,1526.52,1545.9,1522.51,1545,4174123,amazon
219,8-Mar-18,1550,1554.88,1545.25,1551.86,3862615,amazon
220,9-Mar-18,1563.5,1578.94,1559.08,1578.89,4534250,amazon
221,12-Mar-18,1592.6,1605.33,1586.7,1598.39,5132660,amazon
222,13-Mar-18,1615.96,1617.54,1578.01,1588.18,6531892,amazon
223,14-Mar-18,1597,1606.44,1590.89,1591,4259443,amazon
224,15-Mar-18,1595,1596.91,1578.11,1582.32,4069701,amazon
225,10-Jan-18,317.49,322.15,315.5,320.26,4479288,boeing
226,11-Jan-18,322.13,328.4,321.19,328.12,4635344,boeing
227,12-Jan-18,330.38,336.88,330.38,336.21,6559284,boeing
228,16-Jan-18,339.9,347.73,331.33,335.16,12305475,boeing
229,17-Jan-18,337.73,352.23,336.41,351.01,9699917,boeing
230,18-Jan-18,350.7,350.83,339.15,340.16,9458634,boeing
231,19-Jan-18,341.67,344,335.75,337.73,7264401,boeing
232,22-Jan-18,335.29,341.38,332.04,338,6792870,boeing
233,23-Jan-18,338.34,338.94,334.81,335.59,4537784,boeing
234,24-Jan-18,336.2,338.99,334.14,334.69,4205351,boeing
235,25-Jan-18,336.21,343.62,335.3,343.11,4747478,boeing
236,26-Jan-18,344.33,345.98,341.25,343.22,5236260,boeing
237,29-Jan-18,341.23,344.48,340.1,340.82,3324878,boeing
238,30-Jan-18,339.17,339.98,334.16,337.71,4983055,boeing
239,31-Jan-18,360.5,360.97,351.62,354.37,11409626,boeing
240,1-Feb-18,352.95,361.45,352.04,356.94,6067581,boeing
241,2-Feb-18,354,355.2,348.7,348.91,5486074,boeing
242,5-Feb-18,342.67,350,317.39,328.88,10511290,boeing
243,6-Feb-18,320,341.67,317.65,340.91,11935140,boeing
244,7-Feb-18,340.52,353.59,339.87,348.12,7946670,boeing
245,8-Feb-18,348,349,329.4,329.66,8295905,boeing
246,9-Feb-18,333.55,337.81,319.25,332.83,8832974,boeing
247,12-Feb-18,336.57,347.75,335.13,343.8,6885010,boeing
248,13-Feb-18,340.45,347.88,340.29,343.16,4030233,boeing
249,14-Feb-18,341.34,347.43,341.17,344.85,4340180,boeing
250,15-Feb-18,348.47,356.55,348.05,356.46,5827488,boeing
251,16-Feb-18,356.59,359.5,353.51,355.04,5211615,boeing
252,20-Feb-18,352,357.79,351.4,353.35,4303395,boeing
253,21-Feb-18,352.56,360.81,351.75,352.37,5258555,boeing
254,22-Feb-18,354.65,358.07,352.64,355.92,3414299,boeing
255,23-Feb-18,358.18,358.77,353.07,356.66,3355378,boeing
256,26-Feb-18,359.5,364.05,358.21,363.48,4148132,boeing
257,27-Feb-18,364.6,369.89,363.3,364.64,4774134,boeing
258,28-Feb-18,366.8,371.6,362.21,362.21,5472898,boeing
259,1-Mar-18,362.33,362.74,346.4,349.69,8977971,boeing
260,2-Mar-18,341.82,346.09,335.3,344.67,10021332,boeing
261,5-Mar-18,338,354.77,336.61,352.75,8140161,boeing
262,6-Mar-18,354.24,355.21,346.02,348.92,4888282,boeing
263,7-Mar-18,341.52,348.41,339.5,347.04,4575690,boeing
264,8-Mar-18,349.51,352.5,343.95,348.73,4319915,boeing
265,9-Mar-18,352.65,354.89,350.23,354.52,3538348,boeing
266,12-Mar-18,355.2,355.23,343.26,344.19,6036253,boeing
267,13-Mar-18,345.32,347.88,337.61,338.67,5443789,boeing
268,14-Mar-18,339.79,340.52,322.3,330.26,13057904,boeing
269,15-Mar-18,332.3,332.92,322.91,329.98,8766002,boeing
270,10-Jan-18,1107,1112.78,1103.98,1110.14,1036655,google
271,11-Jan-18,1112.31,1114.85,1106.48,1112.05,1121216,google
272,12-Jan-18,1110.1,1131.3,1108.01,1130.65,1929306,google
273,16-Jan-18,1140.31,1148.88,1126.66,1130.7,1823100,google
274,17-Jan-18,1136.36,1139.32,1123.49,1139.1,1391510,google
275,18-Jan-18,1139.35,1140.58,1124.46,1135.97,1374873,google
276,19-Jan-18,1138.03,1143.78,1132.5,1143.5,1527554,google
277,22-Jan-18,1143.82,1166.88,1141.82,1164.16,1477520,google
278,23-Jan-18,1170.62,1178.51,1167.25,1176.17,1956865,google
279,24-Jan-18,1184.98,1187.05,1167.4,1171.29,1856429,google
280,25-Jan-18,1180.71,1185,1171.84,1182.14,1499247,google
281,26-Jan-18,1187.53,1187.56,1168.03,1187.56,2108502,google
282,29-Jan-18,1188,1198,1184.06,1186.48,1574708,google
283,30-Jan-18,1177.72,1187.93,1174.51,1177.37,1866883,google
284,31-Jan-18,1183.81,1186.32,1172.1,1182.22,1801135,google
285,1-Feb-18,1175.99,1187.45,1169.36,1181.59,3675709,google
286,2-Feb-18,1127.42,1131.3,1111.17,1119.2,5892122,google
287,5-Feb-18,1100.61,1114.99,1056.74,1062.39,4177469,google
288,6-Feb-18,1033.98,1087.38,1030.01,1084.43,3831524,google
289,7-Feb-18,1084.97,1086.53,1054.62,1055.41,2597094,google
290,8-Feb-18,1059.87,1063.93,1004.7,1007.71,3339601,google
291,9-Feb-18,1025.88,1051.72,997,1046.27,4917970,google
292,12-Feb-18,1056.67,1065.57,1045.49,1054.56,2812011,google
293,13-Feb-18,1050,1061.22,1046.92,1054.14,1579258,google
294,14-Feb-18,1054.32,1075.47,1049.8,1072.7,2065202,google
295,15-Feb-18,1083.45,1094.1,1067.23,1091.36,1869763,google
296,16-Feb-18,1093.38,1108.31,1091.55,1095.5,1997405,google
297,20-Feb-18,1092.76,1116.29,1090,1103.59,1687656,google
298,21-Feb-18,1109.1,1136.2,1107.51,1113.75,2074321,google
299,22-Feb-18,1119.17,1125.46,1105.15,1109.9,1400536,google
300,23-Feb-18,1118.66,1129,1108.44,1128.09,1264638,google
301,26-Feb-18,1131.86,1144.2,1129.34,1143.7,1545619,google
302,27-Feb-18,1143.7,1144.25,1116.79,1117.51,2148159,google
303,28-Feb-18,1122,1127.65,1103,1103.92,2464619,google
304,1-Mar-18,1109.54,1111.27,1067.28,1071.41,2766856,google
305,2-Mar-18,1057.98,1086.89,1050.11,1084.14,2508145,google
306,5-Mar-18,1078.13,1101.18,1072.27,1094.76,1432369,google
307,6-Mar-18,1102.1,1105.63,1094.5,1100.9,1169068,google
308,7-Mar-18,1092.82,1116.2,1089.91,1115.04,1537429,google
309,8-Mar-18,1117.2,1131.44,1117.2,1129.38,1693133,google
310,9-Mar-18,1139.5,1161,1134.29,1160.84,2133087,google
311,12-Mar-18,1165.05,1178.16,1159.2,1165.93,2196131,google
312,13-Mar-18,1171.83,1178,1134.57,1139.91,2156999,google
313,14-Mar-18,1145.8,1159.76,1142.35,1148.89,2093482,google
314,15-Mar-18,1149.57,1162.5,1135.66,1150.61,1669094,google
315,10-Jan-18,30.37,30.73,30.31,30.55,63532811,boa
316,11-Jan-18,30.66,30.69,30.45,30.66,59318309,boa
317,12-Jan-18,30.88,31.2,30.77,31.19,66371596,boa
318,16-Jan-18,31.74,31.79,31.03,31.24,104467922,boa
319,17-Jan-18,31,31.29,30.34,31.18,124382905,boa
320,18-Jan-18,31.33,31.71,31.21,31.48,76463847,boa
321,19-Jan-18,31.58,31.74,31.46,31.72,66490985,boa
322,22-Jan-18,31.67,31.94,31.58,31.94,53848818,boa
323,23-Jan-18,31.86,32.13,31.78,31.92,56531378,boa
324,24-Jan-18,32.01,32.21,31.82,32.09,81585015,boa
325,25-Jan-18,32.24,32.25,31.93,32.09,62265824,boa
326,26-Jan-18,32.11,32.2,31.95,32.2,52699881,boa
327,29-Jan-18,32.25,32.45,32.18,32.28,59126457,boa
328,30-Jan-18,31.95,32.2,31.85,31.88,60555757,boa
329,31-Jan-18,32.05,32.29,31.95,32,65734118,boa
330,1-Feb-18,32,32.5,31.96,32.5,62367448,boa
331,2-Feb-18,32.44,32.67,31.86,31.95,96971924,boa
332,5-Feb-18,31.12,31.98,29.15,30.26,155908256,boa
333,6-Feb-18,29.41,31.29,29.3,31.2,165878399,boa
334,7-Feb-18,31.12,31.74,30.86,31.25,101180515,boa
335,8-Feb-18,31.31,31.38,29.73,29.74,128981328,boa
336,9-Feb-18,30.17,30.61,29.13,30.33,143071053,boa
337,12-Feb-18,30.62,31.44,30.54,31.12,95055132,boa
338,13-Feb-18,31.04,31.4,30.76,31.18,76727349,boa
339,14-Feb-18,31.17,32.03,31.06,32,97251515,boa
340,15-Feb-18,32.39,32.47,31.87,32.21,68117398,boa
341,16-Feb-18,32,32.26,31.92,31.97,62137801,boa
342,20-Feb-18,31.96,32.16,31.75,31.93,58573929,boa
343,21-Feb-18,31.8,32.36,31.77,31.87,72210258,boa
344,22-Feb-18,31.99,32.14,31.59,31.69,64749717,boa
345,23-Feb-18,31.8,32.06,31.76,32.03,53626263,boa
346,26-Feb-18,32.17,32.44,32.05,32.42,61796254,boa
347,27-Feb-18,32.32,32.85,32.32,32.33,69235524,boa
348,28-Feb-18,32.49,32.77,32.09,32.1,72043995,boa
349,1-Mar-18,32.07,32.34,31.36,31.48,90547117,boa
350,2-Mar-18,31.12,31.69,30.63,31.63,82739099,boa
351,5-Mar-18,31.35,32.36,31.16,32.13,70543121,boa
352,6-Mar-18,32.3,32.32,31.95,32.11,50832605,boa
353,7-Mar-18,31.7,32.23,31.58,32.18,52763869,boa
354,8-Mar-18,32.19,32.27,31.81,32.2,53139846,boa
355,9-Mar-18,32.47,32.73,32.4,32.72,73905831,boa
356,12-Mar-18,32.69,33.05,32.64,32.84,59446732,boa
357,13-Mar-18,32.97,32.99,32.3,32.36,63347502,boa
358,14-Mar-18,32.55,32.55,31.93,32.14,58011350,boa
359,15-Mar-18,32.29,32.34,31.93,32.1,41964199,boa
360,10-Jan-18,186.94,187.89,185.63,187.84,10529894,facebook
361,11-Jan-18,188.4,188.4,187.38,187.77,9588587,facebook
362,12-Jan-18,178.06,181.48,177.4,179.37,77551299,facebook
363,16-Jan-18,181.5,181.75,178.04,178.39,36183842,facebook
364,17-Jan-18,179.26,179.32,175.8,177.6,27992376,facebook
365,18-Jan-18,178.13,180.98,177.08,179.8,23304901,facebook
366,19-Jan-18,180.85,182.37,180.17,181.29,26826540,facebook
367,22-Jan-18,180.8,185.39,180.41,185.37,21059464,facebook
368,23-Jan-18,186.05,189.55,185.55,189.35,25678781,facebook
369,24-Jan-18,189.89,190.66,186.52,186.55,24334548,facebook
370,25-Jan-18,187.95,188.62,186.6,187.48,17377740,facebook
371,26-Jan-18,187.75,190,186.81,190,17759212,facebook
372,29-Jan-18,188.75,188.84,185.63,185.98,20453172,facebook
373,30-Jan-18,187.62,188.18,181.84,187.12,20858556,facebook
374,31-Jan-18,188.37,189.83,185.22,186.89,43275144,facebook
375,1-Feb-18,188.22,195.32,187.89,193.09,54211293,facebook
376,2-Feb-18,192.04,194.21,189.98,190.28,26677484,facebook
377,5-Feb-18,186.93,190.61,180.61,181.26,33128206,facebook
378,6-Feb-18,178.57,185.77,177.74,185.31,37758505,facebook
379,7-Feb-18,184.15,185.08,179.95,180.18,27601886,facebook
380,8-Feb-18,181.01,181.84,171.48,171.58,38478321,facebook
381,9-Feb-18,174.76,176.9,167.18,176.11,39887626,facebook
382,12-Feb-18,177.06,177.54,171.84,176.41,32092133,facebook
383,13-Feb-18,175.62,175.97,173.1,173.15,21809350,facebook
384,14-Feb-18,173.45,179.81,173.21,179.52,28929704,facebook
385,15-Feb-18,180.5,180.5,176.84,179.96,20922120,facebook
386,16-Feb-18,178.99,179.88,176.3,177.36,21015610,facebook
387,20-Feb-18,175.77,177.95,175.11,176.01,21204921,facebook
388,21-Feb-18,176.71,181.27,176.4,177.91,23200804,facebook
389,22-Feb-18,178.7,180.21,177.41,178.99,18464192,facebook
390,23-Feb-18,179.9,183.39,179.51,183.29,19007288,facebook
391,26-Feb-18,184.58,185.66,183.22,184.93,17599703,facebook
392,27-Feb-18,184.45,184.7,181.46,181.46,15849806,facebook
393,28-Feb-18,182.3,182.88,178.14,178.32,18783039,facebook
394,1-Mar-18,179.01,180.12,174.41,175.94,23201626,facebook
395,2-Mar-18,173.29,177.11,172.99,176.62,20025905,facebook
396,5-Mar-18,176.2,181.15,175.89,180.4,16189280,facebook
397,6-Mar-18,181.78,182.38,179.11,179.78,15086784,facebook
398,7-Mar-18,178.74,183.82,178.07,183.71,19097293,facebook
399,8-Mar-18,183.56,184.4,181.45,182.34,17225946,facebook
400,9-Mar-18,183.91,185.51,183.21,185.23,18526292,facebook
401,12-Mar-18,185.23,186.1,184.22,184.76,15037350,facebook
402,13-Mar-18,185.61,185.99,181.11,181.88,18067477,facebook
403,14-Mar-18,182.6,184.25,181.85,184.19,16821728,facebook
404,15-Mar-18,183.24,184,182.19,183.86,15645035,facebook
405,10-Jan-18,109.47,110.7,109.39,110.25,15834468,jp morgan
406,11-Jan-18,110.67,110.93,110.05,110.84,13676788,jp morgan
407,12-Jan-18,111.65,112.85,110.84,112.67,18884229,jp morgan
408,16-Jan-18,111.51,113.43,111.07,112.27,22703336,jp morgan
409,17-Jan-18,111.89,113.3,111.31,112.99,14940266,jp morgan
410,18-Jan-18,112.76,113.72,112.27,113.26,14572911,jp morgan
411,19-Jan-18,113.94,114.34,112.8,113.01,18785468,jp morgan
412,22-Jan-18,112.66,114.39,112.5,114.33,12475654,jp morgan
413,23-Jan-18,113.67,114.64,113.35,114.21,12320751,jp morgan
414,24-Jan-18,114.86,116,114.66,115.67,15904504,jp morgan
415,25-Jan-18,116.04,116.17,115.08,115.7,13509957,jp morgan
416,26-Jan-18,115.7,116.32,114.96,116.32,13883875,jp morgan
417,29-Jan-18,116.02,117.35,116.02,116.2,11679919,jp morgan
418,30-Jan-18,115.53,116.6,114.98,115.11,14279124,jp morgan
419,31-Jan-18,115.65,116.66,115.16,115.67,13141423,jp morgan
420,1-Feb-18,115.77,116.98,115.48,116.87,13800613,jp morgan
421,2-Feb-18,116.49,116.92,114.09,114.28,16477307,jp morgan
422,5-Feb-18,113,114.59,103.98,108.8,30097591,jp morgan
423,6-Feb-18,106.85,112.48,106.61,112.11,33114833,jp morgan
424,7-Feb-18,111.55,114.45,111.15,112.87,21878324,jp morgan
425,8-Feb-18,113.11,113.11,107.84,107.88,27425837,jp morgan
426,9-Feb-18,109.1,111.05,106.23,110.04,28188027,jp morgan
427,12-Feb-18,111.17,112.72,110.07,111.74,18043325,jp morgan
428,13-Feb-18,111.32,113.05,110.8,112.43,16358181,jp morgan
429,14-Feb-18,112.63,115.27,112.53,115.03,15186858,jp morgan
430,15-Feb-18,115.74,115.98,114.22,115.51,12130197,jp morgan
431,16-Feb-18,114.55,116.07,114.5,114.68,13214253,jp morgan
432,20-Feb-18,114.65,115.39,113.97,114.71,13461495,jp morgan
433,21-Feb-18,115,117.45,114.67,115.19,14212461,jp morgan
434,22-Feb-18,115.5,116.42,114.76,114.98,17070356,jp morgan
435,23-Feb-18,115.31,117.39,115.31,117.31,12162523,jp morgan
436,26-Feb-18,118.14,118.9,117.32,118.77,16511229,jp morgan
437,27-Feb-18,118.91,119.33,117.35,117.36,17563345,jp morgan
438,28-Feb-18,117.82,118.49,115.34,115.5,17735637,jp morgan
439,1-Mar-18,115.48,116.64,112.65,113.43,18690017,jp morgan
440,2-Mar-18,112.39,113.56,111.12,113.32,18353697,jp morgan
441,5-Mar-18,112.05,115.92,111.89,115.06,13933039,jp morgan
442,6-Mar-18,115.64,115.82,114.32,115.16,10674360,jp morgan
443,7-Mar-18,113.75,115.1,113.11,114.73,13006514,jp morgan
444,8-Mar-18,115.11,115.23,113.21,114.74,11173721,jp morgan
445,9-Mar-18,116.55,118.08,115.67,118.04,15366583,jp morgan
446,12-Mar-18,118,118.75,117.25,117.66,12090375,jp morgan
447,13-Mar-18,118.2,118.47,115.83,116.25,13312340,jp morgan
448,14-Mar-18,116.56,116.59,114.6,114.95,12905124,jp morgan
449,15-Mar-18,115.87,116,114.83,115.24,8747977,jp morgan
